-- phpMyAdmin SQL Dump
-- version 5.2.1
-- https://www.phpmyadmin.net/
--
-- Host: 127.0.0.1
-- Waktu pembuatan: 29 Feb 2024 pada 05.16
-- Versi server: 10.4.28-MariaDB
-- Versi PHP: 8.0.28

SET SQL_MODE = "NO_AUTO_VALUE_ON_ZERO";
START TRANSACTION;
SET time_zone = "+00:00";


/*!40101 SET @OLD_CHARACTER_SET_CLIENT=@@CHARACTER_SET_CLIENT */;
/*!40101 SET @OLD_CHARACTER_SET_RESULTS=@@CHARACTER_SET_RESULTS */;
/*!40101 SET @OLD_COLLATION_CONNECTION=@@COLLATION_CONNECTION */;
/*!40101 SET NAMES utf8mb4 */;

--
-- Database: `ukk_galerifoto`
--

-- --------------------------------------------------------

--
-- Struktur dari tabel `album`
--

CREATE TABLE `album` (
  `albumid` int(11) NOT NULL,
  `namaalbum` varchar(255) NOT NULL,
  `deskripsi` text NOT NULL,
  `tanggalbuat` date NOT NULL,
  `userid` int(11) NOT NULL
) ENGINE=InnoDB DEFAULT CHARSET=utf8mb4 COLLATE=utf8mb4_general_ci;

--
-- Dumping data untuk tabel `album`
--

INSERT INTO `album` (`albumid`, `namaalbum`, `deskripsi`, `tanggalbuat`, `userid`) VALUES
(28, '\r\n		Teknologi', 'Teknologi Masa Kini', '2024-02-15', 73),
(30, '\r\n		Teknologi', 'Teknologi', '2024-02-18', 74),
(31, '	dunia tumbuhan', '\r\n		                                tumbuhan                              ', '2024-02-29', 73);

-- --------------------------------------------------------

--
-- Struktur dari tabel `foto`
--

CREATE TABLE `foto` (
  `fotoid` int(11) NOT NULL,
  `judulfoto` varchar(255) NOT NULL,
  `deskripsifoto` text NOT NULL,
  `tanggalunggah` date NOT NULL,
  `lokasifile` varchar(255) NOT NULL,
  `albumid` int(11) NOT NULL,
  `userid` int(11) NOT NULL
) ENGINE=InnoDB DEFAULT CHARSET=utf8mb4 COLLATE=utf8mb4_general_ci;

--
-- Dumping data untuk tabel `foto`
--

INSERT INTO `foto` (`fotoid`, `judulfoto`, `deskripsifoto`, `tanggalunggah`, `lokasifile`, `albumid`, `userid`) VALUES
(38, 'Komputer', '\r\n		Komputer', '2024-02-18', '302202943-1274811126-komputer.jpg', 28, 73),
(40, 'Mouse Keyboard', '\r\n		keyboard', '2024-02-19', '1229637359-Screenshot_1.png', 30, 74),
(42, 'tanaman cabe', '                              \r\n		cabe                             ', '0000-00-00', '2061925897-601d30351605f.jpg', 31, 73);

-- --------------------------------------------------------

--
-- Struktur dari tabel `komentarfoto`
--

CREATE TABLE `komentarfoto` (
  `komnetarid` int(11) NOT NULL,
  `fotoid` int(11) NOT NULL,
  `userid` int(11) NOT NULL,
  `isikomentar` text NOT NULL,
  `tanggalkomentar` date NOT NULL
) ENGINE=InnoDB DEFAULT CHARSET=utf8mb4 COLLATE=utf8mb4_general_ci;

--
-- Dumping data untuk tabel `komentarfoto`
--

INSERT INTO `komentarfoto` (`komnetarid`, `fotoid`, `userid`, `isikomentar`, `tanggalkomentar`) VALUES
(3, 38, 73, 'Laptop bagus nih', '2024-02-19');

-- --------------------------------------------------------

--
-- Struktur dari tabel `likefoto`
--

CREATE TABLE `likefoto` (
  `likeid` int(11) NOT NULL,
  `fotoid` int(11) NOT NULL,
  `userid` int(11) NOT NULL,
  `tanggallike` date NOT NULL
) ENGINE=InnoDB DEFAULT CHARSET=utf8mb4 COLLATE=utf8mb4_general_ci;

--
-- Dumping data untuk tabel `likefoto`
--

INSERT INTO `likefoto` (`likeid`, `fotoid`, `userid`, `tanggallike`) VALUES
(192, 38, 73, '2024-02-19'),
(193, 38, 73, '2024-02-19'),
(194, 42, 73, '2024-02-29'),
(195, 42, 73, '2024-02-29');

-- --------------------------------------------------------

--
-- Struktur dari tabel `user`
--

CREATE TABLE `user` (
  `userid` int(11) NOT NULL,
  `username` varchar(255) NOT NULL,
  `password` varchar(255) NOT NULL,
  `email` varchar(255) NOT NULL,
  `namalengkap` varchar(255) NOT NULL,
  `alamat` text NOT NULL
) ENGINE=InnoDB DEFAULT CHARSET=utf8mb4 COLLATE=utf8mb4_general_ci;

--
-- Dumping data untuk tabel `user`
--

INSERT INTO `user` (`userid`, `username`, `password`, `email`, `namalengkap`, `alamat`) VALUES
(72, '\r\n	aa', 'aa', 'aa@gmail.com', 'aa', 'aa'),
(73, '\r\n	admin', '21232f297a57a5a743894a0e4a801fc3', 'admin@gmail.com', 'Admin', 'Indonesia'),
(74, '\r\n	akun2', '9ce0ca3d09106a37842cfcbfbdf2f60d', 'akun2@gmail.com', 'Akun 2', 'Indonesia'),
(75, '\r\n	elga2', 'daf38cbfcdd9d89491586e2823af1e15', 'elga2@gmail.com', 'Elga 2', 'Indonesia');

--
-- Indexes for dumped tables
--

--
-- Indeks untuk tabel `album`
--
ALTER TABLE `album`
  ADD PRIMARY KEY (`albumid`),
  ADD KEY `userid` (`userid`);

--
-- Indeks untuk tabel `foto`
--
ALTER TABLE `foto`
  ADD PRIMARY KEY (`fotoid`),
  ADD KEY `albumid` (`albumid`),
  ADD KEY `userid` (`userid`);

--
-- Indeks untuk tabel `komentarfoto`
--
ALTER TABLE `komentarfoto`
  ADD PRIMARY KEY (`komnetarid`),
  ADD KEY `fotoid` (`fotoid`),
  ADD KEY `userid` (`userid`);

--
-- Indeks untuk tabel `likefoto`
--
ALTER TABLE `likefoto`
  ADD PRIMARY KEY (`likeid`),
  ADD KEY `fotoid` (`fotoid`),
  ADD KEY `userid` (`userid`);

--
-- Indeks untuk tabel `user`
--
ALTER TABLE `user`
  ADD PRIMARY KEY (`userid`);

--
-- AUTO_INCREMENT untuk tabel yang dibuang
--

--
-- AUTO_INCREMENT untuk tabel `album`
--
ALTER TABLE `album`
  MODIFY `albumid` int(11) NOT NULL AUTO_INCREMENT, AUTO_INCREMENT=32;

--
-- AUTO_INCREMENT untuk tabel `foto`
--
ALTER TABLE `foto`
  MODIFY `fotoid` int(11) NOT NULL AUTO_INCREMENT, AUTO_INCREMENT=43;

--
-- AUTO_INCREMENT untuk tabel `komentarfoto`
--
ALTER TABLE `komentarfoto`
  MODIFY `komnetarid` int(11) NOT NULL AUTO_INCREMENT, AUTO_INCREMENT=4;

--
-- AUTO_INCREMENT untuk tabel `likefoto`
--
ALTER TABLE `likefoto`
  MODIFY `likeid` int(11) NOT NULL AUTO_INCREMENT, AUTO_INCREMENT=196;

--
-- AUTO_INCREMENT untuk tabel `user`
--
ALTER TABLE `user`
  MODIFY `userid` int(11) NOT NULL AUTO_INCREMENT, AUTO_INCREMENT=76;

--
-- Ketidakleluasaan untuk tabel pelimpahan (Dumped Tables)
--

--
-- Ketidakleluasaan untuk tabel `album`
--
ALTER TABLE `album`
  ADD CONSTRAINT `album_ibfk_1` FOREIGN KEY (`userid`) REFERENCES `user` (`userid`) ON DELETE CASCADE ON UPDATE CASCADE;

--
-- Ketidakleluasaan untuk tabel `foto`
--
ALTER TABLE `foto`
  ADD CONSTRAINT `foto_ibfk_1` FOREIGN KEY (`userid`) REFERENCES `user` (`userid`) ON DELETE CASCADE ON UPDATE CASCADE,
  ADD CONSTRAINT `foto_ibfk_2` FOREIGN KEY (`albumid`) REFERENCES `album` (`albumid`) ON DELETE CASCADE ON UPDATE CASCADE;

--
-- Ketidakleluasaan untuk tabel `komentarfoto`
--
ALTER TABLE `komentarfoto`
  ADD CONSTRAINT `komentarfoto_ibfk_1` FOREIGN KEY (`userid`) REFERENCES `user` (`userid`) ON DELETE CASCADE ON UPDATE CASCADE,
  ADD CONSTRAINT `komentarfoto_ibfk_2` FOREIGN KEY (`fotoid`) REFERENCES `foto` (`fotoid`) ON DELETE CASCADE ON UPDATE CASCADE;

--
-- Ketidakleluasaan untuk tabel `likefoto`
--
ALTER TABLE `likefoto`
  ADD CONSTRAINT `likefoto_ibfk_1` FOREIGN KEY (`userid`) REFERENCES `user` (`userid`) ON DELETE CASCADE ON UPDATE CASCADE,
  ADD CONSTRAINT `likefoto_ibfk_2` FOREIGN KEY (`fotoid`) REFERENCES `foto` (`fotoid`) ON DELETE CASCADE ON UPDATE CASCADE;
COMMIT;

/*!40101 SET CHARACTER_SET_CLIENT=@OLD_CHARACTER_SET_CLIENT */;
/*!40101 SET CHARACTER_SET_RESULTS=@OLD_CHARACTER_SET_RESULTS */;
/*!40101 SET COLLATION_CONNECTION=@OLD_COLLATION_CONNECTION */;
